/*
SQLyog Ultimate v9.62 
MySQL - 5.7.17-log : Database - joke
*********************************************************************
*/

/*!40101 SET NAMES utf8 */;

/*!40101 SET SQL_MODE=''*/;

/*!40014 SET @OLD_UNIQUE_CHECKS=@@UNIQUE_CHECKS, UNIQUE_CHECKS=0 */;
/*!40014 SET @OLD_FOREIGN_KEY_CHECKS=@@FOREIGN_KEY_CHECKS, FOREIGN_KEY_CHECKS=0 */;
/*!40101 SET @OLD_SQL_MODE=@@SQL_MODE, SQL_MODE='NO_AUTO_VALUE_ON_ZERO' */;
/*!40111 SET @OLD_SQL_NOTES=@@SQL_NOTES, SQL_NOTES=0 */;
CREATE DATABASE /*!32312 IF NOT EXISTS*/`joke` /*!40100 DEFAULT CHARACTER SET utf8 */;

USE `joke`;

/*Table structure for table `t_article` */

DROP TABLE IF EXISTS `t_article`;

CREATE TABLE `t_article` (
  `id` bigint(20) NOT NULL AUTO_INCREMENT,
  `content` varchar(255) DEFAULT NULL,
  `create_time` varchar(255) DEFAULT NULL,
  `is_del` int(11) DEFAULT NULL,
  `operator_id` bigint(20) DEFAULT NULL,
  `title` varchar(255) DEFAULT NULL,
  `update_time` varchar(255) DEFAULT NULL,
  PRIMARY KEY (`id`)
) ENGINE=InnoDB AUTO_INCREMENT=79 DEFAULT CHARSET=utf8;

/*Data for the table `t_article` */

insert  into `t_article`(`id`,`content`,`create_time`,`is_del`,`operator_id`,`title`,`update_time`) values (11,'这是第1篇测试文章，哈哈哈哈哈xxxxxxxxxxxxxxxxxxxxxxxxxxxx，你是八戒啊啊啊啊啊，哈哈哈哈','2016-01-16 17:44:29',0,NULL,'第1篇测试','2017-01-16 17:44:29'),(12,'这是第2篇测试文章，哈哈哈哈哈xxxxxxxxxxxxxxxxxxxxxxxxxxxx，你是八戒啊啊啊啊啊，哈哈哈哈','2015-01-16 17:44:29',0,NULL,'第2篇测试','2017-01-16 17:44:29'),(13,'这是第3篇测试文章，哈哈哈哈哈xxxxxxxxxxxxxxxxxxxxxxxxxxxx，你是八戒啊啊啊啊啊，哈哈哈哈','2014-01-16 17:44:29',0,NULL,'第3篇测试','2017-01-16 17:44:29'),(14,'这是第4篇测试文章，哈哈哈哈哈xxxxxxxxxxxxxxxxxxxxxxxxxxxx，你是八戒啊啊啊啊啊，哈哈哈哈','2017-01-16 17:44:29',0,NULL,'第4篇测试','2017-01-16 17:44:29'),(15,'这篇文章很吊啊，添加了操作人','2017-01-16 17:44:29',0,1,'第105篇测试','2017-02-12 18:00:08'),(16,'这是第6篇测试文章，哈哈哈哈哈xxxxxxxxxxxxxxxxxxxxxxxxxxxx，你是八戒啊啊啊啊啊，哈哈哈哈','2016-01-16 17:44:30',0,NULL,'第6篇测试','2017-01-16 17:44:30'),(17,'这是第7篇测试文章，哈哈哈哈哈xxxxxxxxxxxxxxxxxxxxxxxxxxxx，你是八戒啊啊啊啊啊，哈哈哈哈','2013-01-16 17:44:30',0,NULL,'第7篇测试','2017-01-16 17:44:30'),(18,'这是第8篇测试文章，哈哈哈哈哈xxxxxxxxxxxxxxxxxxxxxxxxxxxx，你是八戒啊啊啊啊啊，哈哈哈哈','2017-01-16 17:44:30',0,NULL,'第8篇测试','2017-01-16 17:44:30'),(19,'这是第9篇测试文章，哈哈哈哈哈xxxxxxxxxxxxxxxxxxxxxxxxxxxx，你是八戒啊啊啊啊啊，哈哈哈哈','2017-01-16 17:44:30',0,NULL,'第9篇测试','2017-01-16 17:44:30'),(20,'这是第10篇测试文章，哈哈哈哈哈xxxxxxxxxxxxxxxxxxxxxxxxxxxx，你是八戒啊啊啊啊啊，哈哈哈哈','2017-01-16 17:44:30',0,NULL,'第10篇测试','2017-01-16 17:44:30'),(21,'这是第11篇测试文章，哈哈哈哈哈xxxxxxxxxxxxxxxxxxxxxxxxxxxx，你是八戒啊啊啊啊啊，哈哈哈哈','2017-01-16 17:44:30',0,NULL,'第11篇测试','2017-01-16 17:44:30'),(22,'这是第12篇测试文章，哈哈哈哈哈xxxxxxxxxxxxxxxxxxxxxxxxxxxx，你是八戒啊啊啊啊啊，哈哈哈哈','2017-01-16 17:44:30',0,NULL,'第12篇测试','2017-01-16 17:44:30'),(23,'这是第13篇测试文章，哈哈哈哈哈xxxxxxxxxxxxxxxxxxxxxxxxxxxx，你是八戒啊啊啊啊啊，哈哈哈哈','2017-01-16 17:44:31',0,NULL,'第13篇测试','2017-01-16 17:44:31'),(24,'这是第14篇测试文章，哈哈哈哈哈xxxxxxxxxxxxxxxxxxxxxxxxxxxx，你是八戒啊啊啊啊啊，哈哈哈哈','2017-01-16 17:44:31',0,NULL,'第14篇测试','2017-01-16 17:44:31'),(25,'这是第15篇测试文章，哈哈哈哈哈xxxxxxxxxxxxxxxxxxxxxxxxxxxx，你是八戒啊啊啊啊啊，哈哈哈哈','2017-01-16 17:44:31',0,NULL,'第15篇测试','2017-01-16 17:44:31'),(26,'这是第16篇测试文章，哈哈哈哈哈xxxxxxxxxxxxxxxxxxxxxxxxxxxx，你是八戒啊啊啊啊啊，哈哈哈哈','2017-01-16 17:44:31',0,NULL,'第16篇测试','2017-01-16 17:44:31'),(27,'这是第17篇测试文章，哈哈哈哈哈xxxxxxxxxxxxxxxxxxxxxxxxxxxx，你是八戒啊啊啊啊啊，哈哈哈哈','2017-01-16 17:44:31',0,NULL,'第17篇测试','2017-01-16 17:44:31'),(28,'这是第18篇测试文章，哈哈哈哈哈xxxxxxxxxxxxxxxxxxxxxxxxxxxx，你是八戒啊啊啊啊啊，哈哈哈哈','2017-01-16 17:44:31',0,NULL,'第18篇测试','2017-01-16 17:44:31'),(29,'这是第19篇测试文章，哈哈哈哈哈xxxxxxxxxxxxxxxxxxxxxxxxxxxx，你是八戒啊啊啊啊啊，哈哈哈哈','2017-01-16 17:44:31',0,NULL,'第19篇测试','2017-01-16 17:44:31'),(30,'这是第20篇测试文章，哈哈哈哈哈xxxxxxxxxxxxxxxxxxxxxxxxxxxx，你是八戒啊啊啊啊啊，哈哈哈哈','2017-01-16 17:44:32',0,NULL,'第20篇测试','2017-01-16 17:44:32'),(31,'这是第21篇测试文章，哈哈哈哈哈xxxxxxxxxxxxxxxxxxxxxxxxxxxx，你是八戒啊啊啊啊啊，哈哈哈哈','2017-01-16 17:44:32',0,NULL,'第21篇测试','2017-01-16 17:44:32'),(32,'这是第22篇测试文章，哈哈哈哈哈xxxxxxxxxxxxxxxxxxxxxxxxxxxx，你是八戒啊啊啊啊啊，哈哈哈哈','2017-01-16 17:44:32',0,NULL,'第22篇测试','2017-01-16 17:44:32'),(33,'这是第23篇测试文章，哈哈哈哈哈xxxxxxxxxxxxxxxxxxxxxxxxxxxx，你是八戒啊啊啊啊啊，哈哈哈哈','2017-01-16 17:44:32',0,NULL,'第23篇测试','2017-01-16 17:44:32'),(34,'这是第24篇测试文章，哈哈哈哈哈xxxxxxxxxxxxxxxxxxxxxxxxxxxx，你是八戒啊啊啊啊啊，哈哈哈哈','2017-01-16 17:44:32',0,NULL,'第24篇测试','2017-01-16 17:44:32'),(35,'这是第25篇测试文章，哈哈哈哈哈xxxxxxxxxxxxxxxxxxxxxxxxxxxx，你是八戒啊啊啊啊啊，哈哈哈哈','2017-01-16 17:44:32',0,NULL,'第25篇测试','2017-01-16 17:44:32'),(36,'这是第26篇测试文章，哈哈哈哈哈xxxxxxxxxxxxxxxxxxxxxxxxxxxx，你是八戒啊啊啊啊啊，哈哈哈哈','2017-01-16 17:44:32',0,NULL,'第26篇测试','2017-01-16 17:44:32'),(37,'这是第27篇测试文章，哈哈哈哈哈xxxxxxxxxxxxxxxxxxxxxxxxxxxx，你是八戒啊啊啊啊啊，哈哈哈哈','2017-01-16 17:44:32',0,NULL,'第27篇测试','2017-01-16 17:44:32'),(38,'这是第28篇测试文章，哈哈哈哈哈xxxxxxxxxxxxxxxxxxxxxxxxxxxx，你是八戒啊啊啊啊啊，哈哈哈哈','2017-01-16 17:44:33',0,NULL,'第28篇测试','2017-01-16 17:44:33'),(39,'这是第29篇测试文章，哈哈哈哈哈xxxxxxxxxxxxxxxxxxxxxxxxxxxx，你是八戒啊啊啊啊啊，哈哈哈哈','2017-01-16 17:44:33',0,NULL,'第29篇测试','2017-01-16 17:44:33'),(40,'这是第30篇测试文章，哈哈哈哈哈xxxxxxxxxxxxxxxxxxxxxxxxxxxx，你是八戒啊啊啊啊啊，哈哈哈哈','2017-01-16 17:44:33',0,NULL,'第30篇测试','2017-01-16 17:44:33'),(41,'这是第31篇测试文章，哈哈哈哈哈xxxxxxxxxxxxxxxxxxxxxxxxxxxx，你是八戒啊啊啊啊啊，哈哈哈哈','2017-01-16 17:44:33',0,NULL,'第31篇测试','2017-01-16 17:44:33'),(42,'这是第32篇测试文章，哈哈哈哈哈xxxxxxxxxxxxxxxxxxxxxxxxxxxx，你是八戒啊啊啊啊啊，哈哈哈哈','2017-01-16 17:44:33',0,NULL,'第32篇测试','2017-01-16 17:44:33'),(43,'这是第33篇测试文章，哈哈哈哈哈xxxxxxxxxxxxxxxxxxxxxxxxxxxx，你是八戒啊啊啊啊啊，哈哈哈哈','2017-01-16 17:44:33',0,NULL,'第33篇测试','2017-01-16 17:44:33'),(44,'这是第34篇测试文章，哈哈哈哈哈xxxxxxxxxxxxxxxxxxxxxxxxxxxx，你是八戒啊啊啊啊啊，哈哈哈哈','2017-01-16 17:44:33',0,NULL,'第34篇测试','2017-01-16 17:44:33'),(45,'这是第35篇测试文章，哈哈哈哈哈xxxxxxxxxxxxxxxxxxxxxxxxxxxx，你是八戒啊啊啊啊啊，哈哈哈哈','2017-01-16 17:44:34',0,NULL,'第35篇测试','2017-01-16 17:44:34'),(46,'这是第36篇测试文章，哈哈哈哈哈xxxxxxxxxxxxxxxxxxxxxxxxxxxx，你是八戒啊啊啊啊啊，哈哈哈哈','2017-01-16 17:44:34',0,NULL,'第36篇测试','2017-01-16 17:44:34'),(47,'这是第37篇测试文章，哈哈哈哈哈xxxxxxxxxxxxxxxxxxxxxxxxxxxx，你是八戒啊啊啊啊啊，哈哈哈哈','2017-01-16 17:44:34',0,NULL,'第37篇测试','2017-01-16 17:44:34'),(48,'这是第38篇测试文章，哈哈哈哈哈xxxxxxxxxxxxxxxxxxxxxxxxxxxx，你是八戒啊啊啊啊啊，哈哈哈哈','2017-01-16 17:44:34',0,NULL,'第38篇测试','2017-01-16 17:44:34'),(49,'这是第39篇测试文章，哈哈哈哈哈xxxxxxxxxxxxxxxxxxxxxxxxxxxx，你是八戒啊啊啊啊啊，哈哈哈哈','2017-01-16 17:44:34',0,NULL,'第39篇测试','2017-01-16 17:44:34'),(50,'这是第40篇测试文章，哈哈哈哈哈xxxxxxxxxxxxxxxxxxxxxxxxxxxx，你是八戒啊啊啊啊啊，哈哈哈哈','2017-01-16 17:44:34',0,NULL,'第40篇测试','2017-01-16 17:44:34'),(51,'这是第41篇测试文章，哈哈哈哈哈xxxxxxxxxxxxxxxxxxxxxxxxxxxx，你是八戒啊啊啊啊啊，哈哈哈哈','2017-01-16 17:44:34',0,NULL,'第41篇测试','2017-01-16 17:44:34'),(52,'这是第42篇测试文章，哈哈哈哈哈xxxxxxxxxxxxxxxxxxxxxxxxxxxx，你是八戒啊啊啊啊啊，哈哈哈哈','2017-01-16 17:44:34',0,NULL,'第42篇测试','2017-01-16 17:44:34'),(53,'这是第43篇测试文章，哈哈哈哈哈xxxxxxxxxxxxxxxxxxxxxxxxxxxx，你是八戒啊啊啊啊啊，哈哈哈哈','2017-01-16 17:44:35',0,NULL,'第43篇测试','2017-01-16 17:44:35'),(54,'这是第44篇测试文章，哈哈哈哈哈xxxxxxxxxxxxxxxxxxxxxxxxxxxx，你是八戒啊啊啊啊啊，哈哈哈哈','2017-01-16 17:44:35',0,NULL,'第44篇测试','2017-01-16 17:44:35'),(55,'这是第45篇测试文章，哈哈哈哈哈xxxxxxxxxxxxxxxxxxxxxxxxxxxx，你是八戒啊啊啊啊啊，哈哈哈哈','2017-01-16 17:44:35',0,NULL,'第45篇测试','2017-01-16 17:44:35'),(56,'这是第46篇测试文章，哈哈哈哈哈xxxxxxxxxxxxxxxxxxxxxxxxxxxx，你是八戒啊啊啊啊啊，哈哈哈哈','2017-01-16 17:44:35',0,NULL,'第46篇测试','2017-01-16 17:44:35'),(57,'这是第47篇测试文章，哈哈哈哈哈xxxxxxxxxxxxxxxxxxxxxxxxxxxx，你是八戒啊啊啊啊啊，哈哈哈哈','2017-01-16 17:44:35',0,NULL,'第47篇测试','2017-01-16 17:44:35'),(58,'这是第48篇测试文章，哈哈哈哈哈xxxxxxxxxxxxxxxxxxxxxxxxxxxx，你是八戒啊啊啊啊啊，哈哈哈哈','2017-01-16 17:44:35',0,NULL,'第48篇测试','2017-01-16 17:44:35'),(59,'这是第49篇测试文章，哈哈哈哈哈xxxxxxxxxxxxxxxxxxxxxxxxxxxx，你是八戒啊啊啊啊啊，哈哈哈哈','2017-01-16 17:44:35',0,NULL,'第49篇测试','2017-01-16 17:44:35'),(60,'这是第50篇测试文章，哈哈哈哈哈xxxxxxxxxxxxxxxxxxxxxxxxxxxx，你是八戒啊啊啊啊啊，哈哈哈哈','2017-01-16 17:44:36',0,NULL,'第50篇测试','2017-01-16 17:44:36'),(61,'这是第51篇测试文章，哈哈哈哈哈xxxxxxxxxxxxxxxxxxxxxxxxxxxx，你是八戒啊啊啊啊啊，哈哈哈哈','2017-01-16 17:44:36',0,NULL,'第51篇测试','2017-01-16 17:44:36'),(62,'这是第52篇测试文章，哈哈哈哈哈xxxxxxxxxxxxxxxxxxxxxxxxxxxx，你是八戒啊啊啊啊啊，哈哈哈哈','2017-01-16 17:44:36',0,NULL,'第52篇测试','2017-01-16 17:44:36'),(63,'这是第53篇测试文章，哈哈哈哈哈xxxxxxxxxxxxxxxxxxxxxxxxxxxx，你是八戒啊啊啊啊啊，哈哈哈哈','2017-01-16 17:44:36',0,NULL,'第53篇测试','2017-01-16 17:44:36'),(64,'这是第54篇测试文章，哈哈哈哈哈xxxxxxxxxxxxxxxxxxxxxxxxxxxx，你是八戒啊啊啊啊啊，哈哈哈哈','2017-01-16 17:44:36',0,NULL,'第54篇测试','2017-01-16 17:44:36'),(65,'这是第55篇测试文章，哈哈哈哈哈xxxxxxxxxxxxxxxxxxxxxxxxxxxx，你是八戒啊啊啊啊啊，哈哈哈哈','2017-01-16 17:44:36',0,NULL,'第55篇测试','2017-01-16 17:44:36'),(66,'这是第56篇测试文章，哈哈哈哈哈xxxxxxxxxxxxxxxxxxxxxxxxxxxx，你是八戒啊啊啊啊啊，哈哈哈哈','2017-01-16 17:44:36',0,NULL,'第56篇测试','2017-01-16 17:44:36'),(67,'这是第57篇测试文章，哈哈哈哈哈xxxxxxxxxxxxxxxxxxxxxxxxxxxx，你是八戒啊啊啊啊啊，哈哈哈哈','2017-01-16 17:44:36',0,NULL,'第57篇测试','2017-01-16 17:44:36'),(68,'这是第58篇测试文章，哈哈哈哈哈xxxxxxxxxxxxxxxxxxxxxxxxxxxx，你是八戒啊啊啊啊啊，哈哈哈哈','2017-01-16 17:44:37',0,NULL,'第58篇测试','2017-01-16 17:44:37'),(69,'这是第59篇测试文章，哈哈哈哈哈xxxxxxxxxxxxxxxxxxxxxxxxxxxx，你是八戒啊啊啊啊啊，哈哈哈哈','2017-01-16 17:44:37',0,NULL,'第59篇测试','2017-01-16 17:44:37'),(70,'这是第60篇测试文章，哈哈哈哈哈xxxxxxxxxxxxxxxxxxxxxxxxxxxx，你是八戒啊啊啊啊啊，哈哈哈哈','2017-01-16 17:44:37',0,NULL,'第60篇测试','2017-01-16 17:44:37'),(71,'这是第61篇测试文章，哈哈哈哈哈xxxxxxxxxxxxxxxxxxxxxxxxxxxx，你是八戒啊啊啊啊啊，哈哈哈哈','2017-01-16 17:44:37',0,NULL,'第61篇测试','2017-01-16 17:44:37'),(72,'这是第62篇测试文章，哈哈哈哈哈xxxxxxxxxxxxxxxxxxxxxxxxxxxx，你是八戒啊啊啊啊啊，哈哈哈哈','2017-01-16 17:44:37',0,NULL,'第62篇测试','2017-01-16 17:44:37'),(73,'这是第63篇测试文章，哈哈哈哈哈xxxxxxxxxxxxxxxxxxxxxxxxxxxx，你是八戒啊啊啊啊啊，哈哈哈哈','2017-01-16 17:44:37',0,NULL,'第63篇测试','2017-01-16 17:44:37'),(74,'这是第64篇测试文章，哈哈哈哈哈xxxxxxxxxxxxxxxxxxxxxxxxxxxx，你是八戒啊啊啊啊啊，哈哈哈哈','2017-01-16 17:44:37',0,NULL,'第64篇测试','2017-01-16 17:44:37'),(76,'这是第66篇测试文章，哈哈哈哈哈xxxxxxxxxxxxxxxxxxxxxxxxxxxx，你是八戒啊啊啊啊啊，哈哈哈哈','2017-01-16 17:44:38',0,NULL,'第66篇测试','2017-01-16 17:44:38'),(77,'弟子请教禅师：“俗事太多，每天洗衣做饭烧水砍柴，很疲惫，没有时间静心修行，感觉修行的目标太遥远。”禅师默默的脱下鞋子，从里面倒出一粒石子。弟子恍然大悟：“你是说使我疲惫的不是远处的山，而是鞋子里的石子。”禅师勃然大怒：“滚!他妈的你再故意往我鞋子里放石子我杀了你。”','2017-02-17 00:22:31',0,1,'请教','2017-02-17 00:22:31'),(78,'她的告白遭到他的婉拒。她淡笑，对他说:“不就是花了6年时间来喜欢你吗?你放心，不用6天我就可以放弃了。祝你幸福!”转身离开，她的眼泪瞬间夺眶而出，只有自己心里清楚，有些人，一旦刻在内心深处了，就算你用60年的时间也可能无法忘怀。而他望着她那200斤的离去的背影。缓缓的舒了一口气。这是我最喜欢的爱情故事。','2017-02-17 00:23:36',0,1,'告白','2017-02-17 00:23:36');

/*Table structure for table `t_audio` */

DROP TABLE IF EXISTS `t_audio`;

CREATE TABLE `t_audio` (
  `id` bigint(20) NOT NULL AUTO_INCREMENT,
  `audio_path` varchar(255) DEFAULT NULL,
  `create_time` varchar(255) DEFAULT NULL,
  `is_play` int(11) DEFAULT NULL,
  `operator_id` bigint(20) DEFAULT NULL,
  `remark` varchar(255) DEFAULT NULL,
  `title` varchar(255) DEFAULT NULL,
  `update_time` varchar(255) DEFAULT NULL,
  PRIMARY KEY (`id`)
) ENGINE=InnoDB AUTO_INCREMENT=3 DEFAULT CHARSET=utf8;

/*Data for the table `t_audio` */

insert  into `t_audio`(`id`,`audio_path`,`create_time`,`is_play`,`operator_id`,`remark`,`title`,`update_time`) values (1,'aaa.mp3','2017-02-01 18:56:45',1,NULL,'aaaa','test','2017-02-01 19:33:34'),(2,'1487331552317_July - Beyond The Memory.mp3','2017-02-17 19:39:16',1,1,'背景音频','背景音频','2017-02-17 19:39:16');

/*Table structure for table `t_comments_log` */

DROP TABLE IF EXISTS `t_comments_log`;

CREATE TABLE `t_comments_log` (
  `id` bigint(20) NOT NULL AUTO_INCREMENT,
  `comment` varchar(255) DEFAULT NULL,
  `create_time` varchar(255) DEFAULT NULL,
  PRIMARY KEY (`id`)
) ENGINE=InnoDB AUTO_INCREMENT=17 DEFAULT CHARSET=utf8;

/*Data for the table `t_comments_log` */

insert  into `t_comments_log`(`id`,`comment`,`create_time`) values (1,'我来了','2017-01-14 11:09:46'),(2,'你来干什么啊','2017-01-14 11:10:32'),(3,'干啊','2017-01-14 11:11:12'),(4,'妈蛋，在吗','2017-01-14 11:14:00'),(5,'有人吗','2017-01-14 11:14:08'),(6,'shabia','2017-01-14 11:14:48'),(7,'来吧，哈哈哈','2017-01-14 11:15:00'),(8,'一个人都没有','2017-01-14 11:15:10'),(9,'这是什么鬼啊','2017-01-14 11:29:54'),(10,'都没有人啊，哈哈哈哈哈啊','2017-01-14 11:30:14'),(11,'完全不知道这是怎么实现的','2017-01-14 11:30:32'),(12,'啊啊啊啊','2017-01-14 11:31:09'),(13,'可可可可儿','2017-01-14 11:31:18'),(14,'完全不懂这是啥','2017-01-14 11:31:36'),(15,'enter出发','2017-01-14 17:21:30'),(16,'11111','2017-01-14 18:46:33');

/*Table structure for table `t_email_log` */

DROP TABLE IF EXISTS `t_email_log`;

CREATE TABLE `t_email_log` (
  `id` bigint(20) NOT NULL AUTO_INCREMENT,
  `create_time` varchar(255) DEFAULT NULL,
  `email` varchar(255) DEFAULT NULL,
  `message` varchar(255) DEFAULT NULL,
  `subject` varchar(255) DEFAULT NULL,
  `username` varchar(255) DEFAULT NULL,
  PRIMARY KEY (`id`)
) ENGINE=InnoDB AUTO_INCREMENT=6 DEFAULT CHARSET=utf8;

/*Data for the table `t_email_log` */

insert  into `t_email_log`(`id`,`create_time`,`email`,`message`,`subject`,`username`) values (1,'2017-01-12 18:10:54','test@qq.com','test','test','张三'),(4,'2017-01-13 19:35:46','linyuanbin0227@qq.com','这是来自晴天的邮件','你好啊','晴天'),(5,'2017-01-14 10:08:49','1111@qq.com','李亮来了，赶紧欢迎','李亮来了','李亮');

/*Table structure for table `t_image` */

DROP TABLE IF EXISTS `t_image`;

CREATE TABLE `t_image` (
  `id` bigint(20) NOT NULL AUTO_INCREMENT,
  `create_time` varchar(255) DEFAULT NULL,
  `img_desc` varchar(255) DEFAULT NULL,
  `img_path` varchar(255) DEFAULT NULL,
  `is_show` int(11) DEFAULT NULL,
  `operator_id` bigint(20) DEFAULT NULL,
  `title` varchar(255) DEFAULT NULL,
  `update_time` varchar(255) DEFAULT NULL,
  PRIMARY KEY (`id`)
) ENGINE=InnoDB AUTO_INCREMENT=79 DEFAULT CHARSET=utf8;

/*Data for the table `t_image` */

insert  into `t_image`(`id`,`create_time`,`img_desc`,`img_path`,`is_show`,`operator_id`,`title`,`update_time`) values (2,'2014-01-24 10:28:03','1','1485224873497_小清新.jpg',1,NULL,'1','2017-01-24 10:28:03'),(3,'2015-01-24 10:28:47','21212121','1485224925014_小清新.jpg',0,NULL,'2','2017-01-24 10:28:47'),(4,'2016-01-24 10:29:31','333','1485224970139_小清新.jpg',0,NULL,'333','2017-01-24 10:29:31'),(5,'2017-01-22 10:30:23','4','2.png',0,NULL,'4','2017-01-24 10:30:23'),(6,'2017-01-24 10:31:40','555','1485225098292_小清新.jpg',0,NULL,'555','2017-01-24 10:31:40'),(7,'2017-01-24 11:18:29','第1幅图片的经典描述，哈哈哈哈哈哈哈哈哈你妹啊','1485225098292_小清新.jpg',0,NULL,'第1幅测试图片','2017-01-24 11:18:29'),(8,'2017-01-24 11:18:29','第2幅图片的经典描述，哈哈哈哈哈哈哈哈哈你妹啊','1485225098292_小清新.jpg',1,NULL,'第2幅测试图片','2017-01-24 11:18:29'),(9,'2017-01-24 11:18:29','第3幅图片的经典描述，哈哈哈哈哈哈哈哈哈你妹啊','1485225098292_小清新.jpg',0,NULL,'第3幅测试图片','2017-01-24 11:18:29'),(10,'2017-01-24 11:18:30','第4幅图片的经典描述，哈哈哈哈哈哈哈哈哈你妹啊','1485225098292_小清新.jpg',1,NULL,'第4幅测试图片','2017-01-24 11:18:30'),(11,'2017-01-24 11:18:30','第5幅图片的经典描述，哈哈哈哈哈哈哈哈哈你妹啊','1485225098292_小清新.jpg',0,NULL,'第5幅测试图片','2017-01-24 11:18:30'),(12,'2017-01-24 11:18:30','第6幅图片的经典描述，哈哈哈哈哈哈哈哈哈你妹啊','1485225098292_小清新.jpg',1,NULL,'第6幅测试图片','2017-01-24 11:18:30'),(13,'2017-01-24 11:18:30','第7幅图片的经典描述，哈哈哈哈哈哈哈哈哈你妹啊','1485225098292_小清新.jpg',0,NULL,'第7幅测试图片','2017-01-24 11:18:30'),(14,'2017-01-24 11:18:30','第8幅图片的经典描述，哈哈哈哈哈哈哈哈哈你妹啊','1485225098292_小清新.jpg',1,NULL,'第8幅测试图片','2017-01-24 11:18:30'),(15,'2017-01-24 11:18:30','第9幅图片的经典描述，哈哈哈哈哈哈哈哈哈你妹啊','1485225098292_小清新.jpg',0,NULL,'第9幅测试图片','2017-01-24 11:18:30'),(16,'2017-01-24 11:18:31','第10幅图片的经典描述，哈哈哈哈哈哈哈哈哈你妹啊','1485225098292_小清新.jpg',1,NULL,'第10幅测试图片','2017-01-24 11:18:31'),(17,'2017-01-24 11:18:31','第11幅图片的经典描述，哈哈哈哈哈哈哈哈哈你妹啊','1485225098292_小清新.jpg',0,NULL,'第11幅测试图片','2017-01-24 11:18:31'),(18,'2017-01-24 11:18:31','第12幅图片的经典描述，哈哈哈哈哈哈哈哈哈你妹啊','1485225098292_小清新.jpg',1,NULL,'第12幅测试图片','2017-01-24 11:18:31'),(19,'2017-01-24 11:18:31','第13幅图片的经典描述，哈哈哈哈哈哈哈哈哈你妹啊','1485225098292_小清新.jpg',0,NULL,'第13幅测试图片','2017-01-24 11:18:31'),(20,'2017-01-24 11:18:31','第14幅图片的经典描述，哈哈哈哈哈哈哈哈哈你妹啊','1485225098292_小清新.jpg',1,NULL,'第14幅测试图片','2017-01-24 11:18:31'),(21,'2017-01-24 11:18:31','第15幅图片的经典描述，哈哈哈哈哈哈哈哈哈你妹啊','1485225098292_小清新.jpg',0,NULL,'第15幅测试图片','2017-01-24 11:18:31'),(22,'2017-01-24 11:18:32','第16幅图片的经典描述，哈哈哈哈哈哈哈哈哈你妹啊','1485225098292_小清新.jpg',1,NULL,'第16幅测试图片','2017-01-24 11:18:32'),(23,'2017-01-24 11:18:32','第17幅图片的经典描述，哈哈哈哈哈哈哈哈哈你妹啊','1485225098292_小清新.jpg',0,NULL,'第17幅测试图片','2017-01-24 11:18:32'),(24,'2017-01-24 11:18:32','第18幅图片的经典描述，哈哈哈哈哈哈哈哈哈你妹啊','1485225098292_小清新.jpg',1,NULL,'第18幅测试图片','2017-01-24 11:18:32'),(25,'2017-01-24 11:18:32','第19幅图片的经典描述，哈哈哈哈哈哈哈哈哈你妹啊','1485225098292_小清新.jpg',0,NULL,'第19幅测试图片','2017-01-24 11:18:32'),(26,'2017-01-24 11:18:32','第20幅图片的经典描述，哈哈哈哈哈哈哈哈哈你妹啊','1485225098292_小清新.jpg',1,NULL,'第20幅测试图片','2017-01-24 11:18:32'),(27,'2017-01-24 11:18:32','第21幅图片的经典描述，哈哈哈哈哈哈哈哈哈你妹啊','1485225098292_小清新.jpg',0,NULL,'第21幅测试图片','2017-01-24 11:18:32'),(28,'2017-01-24 11:18:33','第22幅图片的经典描述，哈哈哈哈哈哈哈哈哈你妹啊','1485225098292_小清新.jpg',1,NULL,'第22幅测试图片','2017-01-24 11:18:33'),(29,'2017-01-24 11:18:33','第23幅图片的经典描述，哈哈哈哈哈哈哈哈哈你妹啊','1485225098292_小清新.jpg',0,NULL,'第23幅测试图片','2017-01-24 11:18:33'),(30,'2017-01-24 11:18:33','第24幅图片的经典描述，哈哈哈哈哈哈哈哈哈你妹啊','1485225098292_小清新.jpg',1,NULL,'第24幅测试图片','2017-01-24 11:18:33'),(31,'2017-01-24 11:18:33','第25幅图片的经典描述，哈哈哈哈哈哈哈哈哈你妹啊','1485225098292_小清新.jpg',0,NULL,'第25幅测试图片','2017-01-24 11:18:33'),(32,'2017-01-24 11:18:33','第26幅图片的经典描述，哈哈哈哈哈哈哈哈哈你妹啊','1485225098292_小清新.jpg',1,NULL,'第26幅测试图片','2017-01-24 11:18:33'),(33,'2017-01-24 11:18:33','第27幅图片的经典描述，哈哈哈哈哈哈哈哈哈你妹啊','1485225098292_小清新.jpg',0,NULL,'第27幅测试图片','2017-01-24 11:18:33'),(34,'2017-01-24 11:18:33','第28幅图片的经典描述，哈哈哈哈哈哈哈哈哈你妹啊','1485225098292_小清新.jpg',1,NULL,'第28幅测试图片','2017-01-24 11:18:33'),(35,'2017-01-24 11:18:34','第29幅图片的经典描述，哈哈哈哈哈哈哈哈哈你妹啊','1485225098292_小清新.jpg',0,NULL,'第29幅测试图片','2017-01-24 11:18:34'),(36,'2017-01-24 11:18:34','第30幅图片的经典描述，哈哈哈哈哈哈哈哈哈你妹啊','1485225098292_小清新.jpg',1,NULL,'第30幅测试图片','2017-01-24 11:18:34'),(37,'2017-01-24 11:18:34','第31幅图片的经典描述，哈哈哈哈哈哈哈哈哈你妹啊','1485225098292_小清新.jpg',0,NULL,'第31幅测试图片','2017-01-24 11:18:34'),(38,'2017-01-24 11:18:34','第32幅图片的经典描述，哈哈哈哈哈哈哈哈哈你妹啊','1485225098292_小清新.jpg',1,NULL,'第32幅测试图片','2017-01-24 11:18:34'),(39,'2017-01-24 11:18:35','第33幅图片的经典描述，哈哈哈哈哈哈哈哈哈你妹啊','1485225098292_小清新.jpg',0,NULL,'第33幅测试图片','2017-01-24 11:18:35'),(40,'2017-01-24 11:18:35','第34幅图片的经典描述，哈哈哈哈哈哈哈哈哈你妹啊','1485225098292_小清新.jpg',1,NULL,'第34幅测试图片','2017-01-24 11:18:35'),(41,'2017-01-24 11:18:36','第35幅图片的经典描述，哈哈哈哈哈哈哈哈哈你妹啊','1485225098292_小清新.jpg',0,NULL,'第35幅测试图片','2017-01-24 11:18:36'),(42,'2017-01-24 11:18:36','第36幅图片的经典描述，哈哈哈哈哈哈哈哈哈你妹啊','1485225098292_小清新.jpg',1,NULL,'第36幅测试图片','2017-01-24 11:18:36'),(43,'2017-01-24 11:18:36','第37幅图片的经典描述，哈哈哈哈哈哈哈哈哈你妹啊','1485225098292_小清新.jpg',0,NULL,'第37幅测试图片','2017-01-24 11:18:36'),(44,'2017-01-24 11:18:36','第38幅图片的经典描述，哈哈哈哈哈哈哈哈哈你妹啊','1485225098292_小清新.jpg',1,NULL,'第38幅测试图片','2017-01-24 11:18:36'),(45,'2017-01-24 11:18:36','第39幅图片的经典描述，哈哈哈哈哈哈哈哈哈你妹啊','1485225098292_小清新.jpg',0,NULL,'第39幅测试图片','2017-01-24 11:18:36'),(46,'2017-01-24 11:18:36','第40幅图片的经典描述，哈哈哈哈哈哈哈哈哈你妹啊','1485225098292_小清新.jpg',1,NULL,'第40幅测试图片','2017-01-24 11:18:36'),(47,'2017-01-24 11:18:36','第41幅图片的经典描述，哈哈哈哈哈哈哈哈哈你妹啊','1485225098292_小清新.jpg',0,NULL,'第41幅测试图片','2017-01-24 11:18:36'),(48,'2017-01-24 11:18:37','第42幅图片的经典描述，哈哈哈哈哈哈哈哈哈你妹啊','1485225098292_小清新.jpg',1,NULL,'第42幅测试图片','2017-01-24 11:18:37'),(49,'2017-01-24 11:18:37','第43幅图片的经典描述，哈哈哈哈哈哈哈哈哈你妹啊','1485225098292_小清新.jpg',0,NULL,'第43幅测试图片','2017-01-24 11:18:37'),(50,'2017-01-24 11:18:37','第44幅图片的经典描述，哈哈哈哈哈哈哈哈哈你妹啊','1485225098292_小清新.jpg',1,NULL,'第44幅测试图片','2017-01-24 11:18:37'),(51,'2017-01-24 11:18:37','第45幅图片的经典描述，哈哈哈哈哈哈哈哈哈你妹啊','1485225098292_小清新.jpg',0,NULL,'第45幅测试图片','2017-01-24 11:18:37'),(52,'2017-01-24 11:18:37','第46幅图片的经典描述，哈哈哈哈哈哈哈哈哈你妹啊','1485225098292_小清新.jpg',1,NULL,'第46幅测试图片','2017-01-24 11:18:37'),(53,'2017-01-24 11:18:37','第47幅图片的经典描述，哈哈哈哈哈哈哈哈哈你妹啊','1485225098292_小清新.jpg',0,NULL,'第47幅测试图片','2017-01-24 11:18:37'),(54,'2017-01-24 11:18:37','第48幅图片的经典描述，哈哈哈哈哈哈哈哈哈你妹啊','1485225098292_小清新.jpg',1,NULL,'第48幅测试图片','2017-01-24 11:18:37'),(55,'2017-01-24 11:18:37','第49幅图片的经典描述，哈哈哈哈哈哈哈哈哈你妹啊','1485225098292_小清新.jpg',0,NULL,'第49幅测试图片','2017-01-24 11:18:37'),(56,'2017-01-24 11:18:38','第50幅图片的经典描述，哈哈哈哈哈哈哈哈哈你妹啊','front/img/default-4.jpg',1,NULL,'第50幅测试图片','2017-01-24 11:18:38'),(57,'2017-01-24 11:18:38','第51幅图片的经典描述，哈哈哈哈哈哈哈哈哈你妹啊','1485225098292_小清新.jpg',0,NULL,'第51幅测试图片','2017-01-24 11:18:38'),(58,'2017-01-24 11:18:38','第52幅图片的经典描述，哈哈哈哈哈哈哈哈哈你妹啊','front/img/default-5.jpg',1,NULL,'第52幅测试图片','2017-01-24 11:18:38'),(59,'2017-01-24 11:18:38','第53幅图片的经典描述，哈哈哈哈哈哈哈哈哈你妹啊','1485225098292_小清新.jpg',0,NULL,'第53幅测试图片','2017-01-24 11:18:38'),(60,'2017-01-24 11:18:38','第54幅图片的经典描述，哈哈哈哈哈哈哈哈哈你妹啊','1485225098292_小清新.jpg',1,NULL,'第54幅测试图片','2017-01-24 11:18:38'),(61,'2017-01-24 11:18:38','第55幅图片的经典描述，哈哈哈哈哈哈哈哈哈你妹啊','1485225098292_小清新.jpg',0,NULL,'第55幅测试图片','2017-01-24 11:18:38'),(62,'2017-01-24 11:18:38','第56幅图片的经典描述，哈哈哈哈哈哈哈哈哈你妹啊','1485225098292_小清新.jpg',1,NULL,'第56幅测试图片','2017-01-24 11:18:38'),(63,'2017-01-24 11:18:39','第57幅图片的经典描述，哈哈哈哈哈哈哈哈哈你妹啊','1485225098292_小清新.jpg',0,NULL,'第57幅测试图片','2017-01-24 11:18:39'),(64,'2017-01-24 11:18:39','第58幅图片的经典描述，哈哈哈哈哈哈哈哈哈你妹啊','front/img/default-1.jpg',1,NULL,'第58幅测试图片','2017-01-24 11:18:39'),(65,'2017-01-24 11:18:39','第59幅图片的经典描述，哈哈哈哈哈哈哈哈哈你妹啊','1485225098292_小清新.jpg',0,NULL,'第59幅测试图片','2017-01-24 11:18:39'),(66,'2017-01-24 11:18:39','第60幅图片的经典描述，哈哈哈哈哈哈哈哈哈你妹啊','front/img/default-2.jpg',1,NULL,'第60幅测试图片','2017-01-24 11:18:39'),(67,'2017-01-24 11:18:39','第61幅图片的经典描述，哈哈哈哈哈哈哈哈哈你妹啊','1485225098292_小清新.jpg',0,NULL,'第61幅测试图片','2017-01-24 11:18:39'),(68,'2017-01-24 11:18:39','第62幅图片的经典描述，哈哈哈哈哈哈哈哈哈你妹啊','front/img/default-3.jpg',1,NULL,'第62幅测试图片','2017-01-24 11:18:39'),(69,'2017-01-24 11:18:39','第63幅图片的经典描述，哈哈哈哈哈哈哈哈哈你妹啊','1485225098292_小清新.jpg',0,NULL,'第63幅测试图片','2017-01-24 11:18:39'),(72,'2017-01-24 11:18:40','第66幅图片的经典描述，哈哈哈哈哈哈哈哈哈你妹啊，添加了操作人','front/img/default-0.jpg',1,1,'第66幅测试图片','2017-02-12 18:00:57'),(73,'2017-02-17 00:24:31','趣图一','1487331508134_default-2.jpg',1,1,'趣图一','2017-02-17 19:38:29'),(74,'2017-02-17 00:25:00','趣图二','1487331492537_default.jpg',1,1,'趣图二','2017-02-17 19:38:14'),(75,'2017-02-17 00:25:26','趣图三','1487331475299_default-1.jpg',1,1,'趣图三','2017-02-17 19:37:57'),(76,'2017-02-17 00:25:47','趣图四','1487331456628_default-5.jpg',1,1,'趣图四','2017-02-17 19:37:38'),(77,'2017-02-17 00:26:07','趣图五','1487331415207_6.jpg',1,1,'趣图五','2017-02-17 19:36:59'),(78,'2017-02-17 00:26:26','趣图六','1487331370857_default.jpg',1,1,'趣图六','2017-02-17 19:36:14');

/*Table structure for table `t_permission` */

DROP TABLE IF EXISTS `t_permission`;

CREATE TABLE `t_permission` (
  `id` bigint(20) NOT NULL AUTO_INCREMENT,
  `create_time` varchar(255) DEFAULT NULL,
  `is_parent_id` int(11) DEFAULT NULL,
  `operator_id` bigint(20) DEFAULT NULL,
  `parent_id` bigint(20) DEFAULT NULL,
  `permission_code` varchar(255) DEFAULT NULL,
  `permission_name` varchar(255) DEFAULT NULL,
  `update_time` varchar(255) DEFAULT NULL,
  PRIMARY KEY (`id`)
) ENGINE=InnoDB AUTO_INCREMENT=47 DEFAULT CHARSET=utf8;

/*Data for the table `t_permission` */

insert  into `t_permission`(`id`,`create_time`,`is_parent_id`,`operator_id`,`parent_id`,`permission_code`,`permission_name`,`update_time`) values (5,'2017-01-29 21:27:44',1,NULL,-1,'article','段子管理','2017-01-29 21:27:44'),(6,'2017-01-29 21:28:33',0,NULL,5,'article:add','新增段子','2017-02-11 18:32:33'),(7,'2017-01-29 21:28:52',0,NULL,5,'article:update','修改段子','2017-02-11 18:32:24'),(8,'2017-01-29 21:29:29',0,NULL,5,'article:del','删除段子','2017-02-11 18:32:15'),(9,'2017-01-29 21:30:08',0,NULL,5,'article:query','查询段子','2017-02-11 18:32:07'),(10,'2017-01-29 21:31:27',1,NULL,-1,'image','趣图管理','2017-01-29 21:31:27'),(11,'2017-01-29 21:31:52',0,NULL,10,'image:add','新增趣图','2017-02-11 18:30:55'),(12,'2017-01-29 21:32:11',0,NULL,10,'image:update','修改趣图','2017-02-11 18:31:05'),(13,'2017-01-29 21:32:29',0,NULL,10,'image:del','删除趣图','2017-02-11 18:31:26'),(14,'2017-01-29 21:32:53',0,NULL,10,'image:query','查询趣图','2017-02-11 18:30:44'),(15,'2017-01-29 21:33:12',1,NULL,-1,'user','用户管理','2017-01-29 21:33:12'),(16,'2017-01-29 21:33:36',0,NULL,15,'user:add','新增用户','2017-02-11 18:29:30'),(17,'2017-01-29 21:33:57',0,NULL,15,'user:update','修改用户','2017-02-11 18:30:06'),(18,'2017-01-29 21:34:15',0,NULL,15,'user:del','删除用户','2017-02-11 18:29:56'),(19,'2017-01-29 21:34:33',0,NULL,15,'user:query','查询用户','2017-02-11 18:29:05'),(20,'2017-01-29 21:35:03',1,NULL,-1,'role','角色管理','2017-01-29 21:35:03'),(21,'2017-01-29 21:35:27',0,NULL,20,'role:add','新增角色','2017-02-11 18:28:26'),(22,'2017-01-29 21:35:44',0,NULL,20,'role:update','修改角色','2017-02-11 18:28:14'),(23,'2017-01-29 21:36:04',0,NULL,20,'role:del','删除角色','2017-02-11 18:27:11'),(24,'2017-01-29 21:36:19',0,NULL,20,'role:query','查询角色','2017-02-11 18:26:56'),(25,'2017-01-29 21:36:42',1,NULL,-1,'permission','权限管理','2017-01-29 21:36:42'),(26,'2017-01-29 21:37:04',0,NULL,25,'permission:add','新增权限','2017-02-11 18:26:20'),(27,'2017-01-29 21:37:21',0,NULL,25,'permission:update','修改权限','2017-02-11 18:26:13'),(28,'2017-01-29 21:37:41',0,NULL,25,'permission:del','删除权限','2017-02-11 18:26:02'),(29,'2017-01-29 21:37:57',0,NULL,25,'permission:query','查询权限','2017-02-11 18:25:49'),(30,'2017-02-11 18:34:31',1,NULL,-1,'audio','音频管理','2017-02-11 18:34:31'),(31,'2017-02-11 18:35:22',0,NULL,30,'audio:query','查询音频','2017-02-11 18:35:22'),(32,'2017-02-11 18:35:49',0,NULL,30,'audio:update','修改音频','2017-02-11 18:35:49'),(33,'2017-02-11 18:36:23',0,NULL,30,'audio:add','新增音频','2017-02-11 18:36:23'),(34,'2017-02-11 18:36:42',0,NULL,30,'audio:del','删除音频','2017-02-11 18:36:42'),(35,'2017-02-11 18:37:29',1,NULL,-1,'comments','留言日志','2017-02-11 18:37:29'),(36,'2017-02-11 18:38:13',0,NULL,35,'comments:query','查询留言日志','2017-02-11 18:38:13'),(37,'2017-02-11 18:38:35',0,NULL,35,'comments:del','删除留言日志','2017-02-11 18:38:35'),(38,'2017-02-11 18:39:06',1,NULL,-1,'email','邮件日志','2017-02-11 18:39:06'),(40,'2017-02-11 18:44:00',0,NULL,38,'email:del','删除邮件日志','2017-02-11 18:44:00'),(41,'2017-02-11 18:45:13',1,NULL,-1,'permissionConfig','权限映射管理','2017-02-11 18:45:13'),(42,'2017-02-11 18:45:55',0,NULL,41,'permissionConfig:query','查询权限映射','2017-02-11 18:45:55'),(43,'2017-02-11 18:46:19',0,NULL,41,'permissionConfig:add','新增权限映射','2017-02-11 18:46:19'),(44,'2017-02-11 18:46:49',0,NULL,41,'permissionConfig:update','修改权限映射','2017-02-11 18:46:49'),(45,'2017-02-11 18:47:17',0,NULL,41,'permissionConfig:del','删除权限映射','2017-02-11 18:47:17'),(46,'2017-02-11 18:50:24',0,NULL,38,'email:query','查看邮件日志','2017-02-11 18:50:24');

/*Table structure for table `t_permission_config` */

DROP TABLE IF EXISTS `t_permission_config`;

CREATE TABLE `t_permission_config` (
  `id` bigint(20) NOT NULL AUTO_INCREMENT,
  `permission_pattern` varchar(255) DEFAULT NULL,
  `url` varchar(255) DEFAULT NULL,
  `create_time` varchar(255) DEFAULT NULL,
  `operator_id` bigint(20) DEFAULT NULL,
  `update_time` varchar(255) DEFAULT NULL,
  PRIMARY KEY (`id`)
) ENGINE=InnoDB AUTO_INCREMENT=19 DEFAULT CHARSET=utf8;

/*Data for the table `t_permission_config` */

insert  into `t_permission_config`(`id`,`permission_pattern`,`url`,`create_time`,`operator_id`,`update_time`) values (1,'authc','/admin/index','2017-02-11 18:10:56',NULL,'2017-02-11 18:57:50'),(2,'anon','/login','2017-02-11 18:58:53',NULL,'2017-02-11 18:58:53'),(3,'anon','/logout','2017-02-11 19:01:25',NULL,'2017-02-11 19:01:25'),(4,'anon','/403','2017-02-11 19:01:37',NULL,'2017-02-11 19:01:37'),(5,'anon','/home/**','2017-02-11 19:02:28',NULL,'2017-02-11 19:02:28'),(6,'authc','/article/**','2017-02-11 19:05:06',NULL,'2017-02-11 19:05:06'),(7,'authc','/audio/**','2017-02-11 19:05:32',NULL,'2017-02-11 19:05:32'),(8,'anon','/comments/list','2017-02-11 19:07:11',NULL,'2017-02-11 19:07:11'),(9,'anon','/comments/save','2017-02-11 19:07:57',NULL,'2017-02-11 19:07:57'),(10,'authc','/comments/**','2017-02-11 19:10:34',NULL,'2017-02-11 19:10:34'),(11,'anon','/email/send','2017-02-11 19:11:56',NULL,'2017-02-11 19:11:56'),(12,'authc','/email/**','2017-02-11 19:12:38',NULL,'2017-02-11 19:12:38'),(13,'anon','/file/**','2017-02-11 19:13:46',NULL,'2017-02-11 19:13:46'),(14,'authc','/pic/**','2017-02-11 19:15:39',NULL,'2017-02-11 19:15:39'),(15,'authc,anyRoles[admin,manager]','/permissionConfig/**','2017-02-11 19:17:34',NULL,'2017-02-11 19:17:34'),(16,'authc,anyRoles[admin,manager]','/permission/**','2017-02-11 19:18:27',NULL,'2017-02-11 19:18:27'),(17,'authc,anyRoles[admin,manager]','/role/**','2017-02-11 19:20:16',NULL,'2017-02-11 19:20:16'),(18,'authc','/user/**','2017-02-11 19:20:59',NULL,'2017-02-11 19:20:59');

/*Table structure for table `t_permission_role` */

DROP TABLE IF EXISTS `t_permission_role`;

CREATE TABLE `t_permission_role` (
  `permission_id` bigint(20) NOT NULL,
  `role_id` bigint(20) NOT NULL,
  PRIMARY KEY (`role_id`,`permission_id`),
  KEY `FKko59gq238wnbr4fjnasv7ijhp` (`permission_id`),
  CONSTRAINT `FKilg5d8njvqr0lbth4741gckik` FOREIGN KEY (`role_id`) REFERENCES `t_role` (`id`),
  CONSTRAINT `FKko59gq238wnbr4fjnasv7ijhp` FOREIGN KEY (`permission_id`) REFERENCES `t_permission` (`id`)
) ENGINE=InnoDB DEFAULT CHARSET=utf8;

/*Data for the table `t_permission_role` */

insert  into `t_permission_role`(`permission_id`,`role_id`) values (6,1),(6,6),(6,7),(7,1),(7,6),(8,1),(9,1),(9,6),(9,7),(11,1),(11,6),(11,7),(12,1),(12,6),(13,1),(14,1),(14,6),(14,7),(16,1),(16,6),(17,1),(17,6),(18,1),(19,1),(19,6),(19,7),(21,1),(22,1),(23,1),(24,1),(24,6),(26,1),(27,1),(28,1),(29,1),(29,6),(31,1),(31,6),(31,7),(32,1),(32,6),(33,1),(33,6),(34,1),(36,1),(36,6),(36,7),(37,1),(40,1),(42,1),(42,6),(43,1),(44,1),(45,1),(46,1),(46,6);

/*Table structure for table `t_role` */

DROP TABLE IF EXISTS `t_role`;

CREATE TABLE `t_role` (
  `id` bigint(20) NOT NULL AUTO_INCREMENT,
  `role_name` varchar(255) DEFAULT NULL,
  `create_time` varchar(255) DEFAULT NULL,
  `operator_id` bigint(20) DEFAULT NULL,
  `update_time` varchar(255) DEFAULT NULL,
  `role_code` varchar(255) DEFAULT NULL,
  PRIMARY KEY (`id`)
) ENGINE=InnoDB AUTO_INCREMENT=8 DEFAULT CHARSET=utf8;

/*Data for the table `t_role` */

insert  into `t_role`(`id`,`role_name`,`create_time`,`operator_id`,`update_time`,`role_code`) values (1,'超级管理员','2017-01-31 16:03:34',1,'2017-02-14 13:58:07','admin'),(6,'普通管理员','2017-01-31 19:41:41',1,'2017-02-14 13:57:08','manager'),(7,'普通用户','2017-01-31 19:43:16',1,'2017-02-14 13:53:46','user');

/*Table structure for table `t_user` */

DROP TABLE IF EXISTS `t_user`;

CREATE TABLE `t_user` (
  `id` bigint(20) NOT NULL AUTO_INCREMENT,
  `create_time` varchar(255) DEFAULT NULL,
  `email` varchar(255) DEFAULT NULL,
  `mobile` varchar(11) DEFAULT NULL,
  `operator_id` bigint(20) DEFAULT NULL,
  `password` varchar(16) DEFAULT NULL,
  `status` int(11) DEFAULT NULL,
  `update_time` varchar(255) DEFAULT NULL,
  `username` varchar(255) NOT NULL,
  PRIMARY KEY (`id`)
) ENGINE=InnoDB AUTO_INCREMENT=83 DEFAULT CHARSET=utf8;

/*Data for the table `t_user` */

insert  into `t_user`(`id`,`create_time`,`email`,`mobile`,`operator_id`,`password`,`status`,`update_time`,`username`) values (1,'2014-01-25 17:21:19','410480180@qq.com','123456781',1,'1',1,'2017-02-14 13:58:40','admin'),(2,'2017-01-25 17:21:20','452430841@qq.com','123456782',1,'1',1,'2017-02-14 13:59:07','user'),(3,'2017-01-25 17:21:20','452430841@qq.com','123456783',1,'1',1,'2017-02-14 13:58:51','test'),(4,'2017-01-25 17:21:20','124@qq.com','123456784',NULL,'1',1,'2017-01-25 17:21:20','test2'),(5,'2015-01-25 17:21:20','125@qq.com','123456785',NULL,'123455',0,'2017-01-25 17:21:20','guest5'),(6,'2016-01-25 17:21:21','126@qq.com','123456786',NULL,'123456',1,'2017-01-25 17:21:21','user6'),(7,'2017-01-25 17:21:21','127@qq.com','123456787',NULL,'123457',0,'2017-01-25 17:21:21','guest7'),(8,'2017-01-25 17:21:21','128@qq.com','123456788',NULL,'123458',1,'2017-01-25 17:21:21','user8'),(9,'2017-01-11 17:21:21','129@qq.com','123456789',NULL,'123459',0,'2017-01-25 17:21:21','guest9'),(10,'2017-01-25 17:21:21','1210@qq.com','1234567810',NULL,'1234510',1,'2017-01-25 17:21:21','user10'),(11,'2017-01-25 17:21:21','1211@qq.com','1234567811',NULL,'1234511',0,'2017-01-25 17:21:21','guest11'),(12,'2017-01-25 17:21:21','1212@qq.com','1234567812',NULL,'1234512',1,'2017-01-25 17:21:21','user12'),(13,'2017-01-25 17:21:22','1213@qq.com','1234567813',NULL,'1234513',0,'2017-01-25 17:21:22','guest13'),(14,'2017-01-25 17:21:22','1214@qq.com','1234567814',NULL,'1234514',1,'2017-01-25 17:21:22','user14'),(15,'2017-01-25 17:21:22','1215@qq.com','1234567815',NULL,'1234515',0,'2017-01-25 17:21:22','guest15'),(16,'2017-01-25 17:21:22','1216@qq.com','1234567816',NULL,'1234516',1,'2017-01-25 17:21:22','user16'),(17,'2017-01-25 17:21:23','1217@qq.com','1234567817',NULL,'1234517',0,'2017-01-25 17:21:23','guest17'),(18,'2017-01-25 17:21:23','1218@qq.com','1234567818',NULL,'1234518',1,'2017-01-25 17:21:23','user18'),(19,'2017-01-25 17:21:23','1219@qq.com','1234567819',NULL,'1234519',0,'2017-01-25 17:21:23','guest19'),(20,'2017-01-25 17:21:23','1220@qq.com','1234567820',NULL,'1234520',1,'2017-01-25 17:21:23','user20'),(21,'2017-01-25 17:21:23','1221@qq.com','1234567821',NULL,'1234521',0,'2017-01-25 17:21:23','guest21'),(22,'2017-01-25 17:21:23','1222@qq.com','1234567822',NULL,'1234522',1,'2017-01-25 17:21:23','user22'),(23,'2017-01-25 17:21:24','1223@qq.com','1234567823',NULL,'1234523',0,'2017-01-25 17:21:24','guest23'),(24,'2017-01-25 17:21:24','1224@qq.com','1234567824',NULL,'1234524',1,'2017-01-25 17:21:24','user24'),(25,'2017-01-25 17:21:24','1225@qq.com','1234567825',NULL,'1234525',0,'2017-01-25 17:21:24','guest25'),(26,'2017-01-25 17:21:24','1226@qq.com','1234567826',NULL,'1234526',1,'2017-01-25 17:21:24','user26'),(27,'2017-01-25 17:21:24','1227@qq.com','1234567827',NULL,'1234527',0,'2017-01-25 17:21:24','guest27'),(28,'2017-01-25 17:21:24','1228@qq.com','1234567828',NULL,'1234528',1,'2017-01-25 17:21:24','user28'),(29,'2017-01-25 17:21:24','1229@qq.com','1234567829',NULL,'1234529',0,'2017-01-25 17:21:24','guest29'),(30,'2017-01-25 17:21:25','1230@qq.com','1234567830',NULL,'1234530',1,'2017-01-25 17:21:25','user30'),(31,'2017-01-25 17:21:25','1231@qq.com','1234567831',NULL,'1234531',0,'2017-01-25 17:21:25','guest31'),(32,'2017-01-25 17:21:25','1232@qq.com','1234567832',NULL,'1234532',1,'2017-01-25 17:21:25','user32'),(33,'2017-01-25 17:21:25','1233@qq.com','1234567833',NULL,'1234533',0,'2017-01-25 17:21:25','guest33'),(34,'2017-01-25 17:21:26','1234@qq.com','1234567834',NULL,'1234534',1,'2017-01-25 17:21:26','user34'),(35,'2017-01-25 17:21:26','1235@qq.com','1234567835',NULL,'1234535',0,'2017-01-25 17:21:26','guest35'),(36,'2017-01-25 17:21:26','1236@qq.com','1234567836',NULL,'1234536',1,'2017-01-25 17:21:26','user36'),(37,'2017-01-25 17:21:26','1237@qq.com','1234567837',NULL,'1234537',0,'2017-01-25 17:21:26','guest37'),(38,'2017-01-25 17:21:27','1238@qq.com','1234567838',NULL,'1234538',1,'2017-01-25 17:21:27','user38'),(39,'2017-01-25 17:21:27','1239@qq.com','1234567839',NULL,'1234539',0,'2017-01-25 17:21:27','guest39'),(40,'2017-01-25 17:21:27','1240@qq.com','1234567840',NULL,'1234540',1,'2017-01-25 17:21:27','user40'),(41,'2017-01-25 17:21:27','1241@qq.com','1234567841',NULL,'1234541',0,'2017-01-25 17:21:27','guest41'),(42,'2017-01-25 17:21:28','1242@qq.com','1234567842',NULL,'1234542',1,'2017-01-25 17:21:28','user42'),(43,'2017-01-25 17:21:28','1243@qq.com','1234567843',NULL,'1234543',0,'2017-01-25 17:21:28','guest43'),(44,'2017-01-25 17:21:28','1244@qq.com','1234567844',NULL,'1234544',1,'2017-01-25 17:21:28','user44'),(45,'2017-01-25 17:21:28','1245@qq.com','1234567845',NULL,'1234545',0,'2017-01-25 17:21:28','guest45'),(46,'2017-01-25 17:21:28','1246@qq.com','1234567846',NULL,'1234546',1,'2017-01-25 17:21:28','user46'),(47,'2017-01-25 17:21:29','1247@qq.com','1234567847',NULL,'1234547',0,'2017-01-25 17:21:29','guest47'),(48,'2017-01-25 17:21:29','1248@qq.com','1234567848',NULL,'1234548',1,'2017-01-25 17:21:29','user48'),(49,'2017-01-25 17:21:29','1249@qq.com','1234567849',NULL,'1234549',0,'2017-01-25 17:21:29','guest49'),(50,'2017-01-25 17:21:29','1250@qq.com','1234567850',NULL,'1234550',1,'2017-01-25 17:21:29','user50'),(51,'2017-01-25 17:21:29','1251@qq.com','1234567851',NULL,'1234551',0,'2017-01-25 17:21:29','guest51'),(52,'2017-01-25 17:21:30','1252@qq.com','1234567852',NULL,'1234552',1,'2017-01-25 17:21:30','user52'),(53,'2017-01-25 17:21:30','1253@qq.com','1234567853',NULL,'1234553',0,'2017-01-25 17:21:30','guest53'),(54,'2017-01-25 17:21:31','1254@qq.com','1234567854',NULL,'1234554',1,'2017-01-25 17:21:31','user54'),(55,'2017-01-25 17:21:31','1255@qq.com','1234567855',NULL,'1234555',0,'2017-01-25 17:21:31','guest55'),(56,'2017-01-25 17:21:31','1256@qq.com','1234567856',NULL,'1234556',1,'2017-01-25 17:21:31','user56'),(57,'2017-01-25 17:21:31','1257@qq.com','1234567857',NULL,'1234557',0,'2017-01-25 17:21:31','guest57'),(58,'2017-01-25 17:21:31','1258@qq.com','1234567858',NULL,'1234558',1,'2017-01-25 17:21:31','user58'),(59,'2017-01-25 17:21:32','1259@qq.com','1234567859',NULL,'1234559',0,'2017-01-25 17:21:32','guest59'),(60,'2017-01-25 17:21:32','1260@qq.com','1234567860',NULL,'1234560',1,'2017-01-25 17:21:32','user60'),(61,'2017-01-25 17:21:33','1261@qq.com','1234567861',NULL,'1234561',0,'2017-01-25 17:21:33','guest61'),(62,'2017-01-25 17:21:33','1262@qq.com','1234567862',NULL,'1234562',1,'2017-01-25 17:21:33','user62'),(63,'2017-01-25 17:21:33','1263@qq.com','1234567863',NULL,'1234563',0,'2017-01-25 17:21:33','guest63'),(64,'2017-01-25 17:21:33','1264@qq.com','1234567864',NULL,'1234564',1,'2017-01-25 17:21:33','user64'),(65,'2017-01-25 17:21:33','1265@qq.com','1234567865',NULL,'1234565',0,'2017-01-25 17:21:33','guest65'),(66,'2017-01-25 17:21:33','1266@qq.com','1234567866',NULL,'1234566',1,'2017-01-25 17:21:33','user66'),(67,'2017-01-25 17:21:33','1267@qq.com','1234567867',NULL,'1234567',0,'2017-01-25 17:21:33','guest67'),(68,'2017-01-25 17:21:34','1268@qq.com','1234567868',NULL,'1234568',1,'2017-01-25 17:21:34','user68'),(69,'2017-01-25 17:21:34','1269@qq.com','1234567869',NULL,'1234569',0,'2017-01-25 17:21:34','guest69'),(70,'2017-01-25 17:21:34','1270@qq.com','1234567870',NULL,'1234570',1,'2017-01-25 17:21:34','user70'),(71,'2017-01-25 17:21:35','1271@qq.com','1234567871',NULL,'1234571',0,'2017-01-25 17:21:35','guest71'),(72,'2017-01-25 17:21:35','1272@qq.com','1234567872',NULL,'1234572',1,'2017-01-25 17:21:35','user72'),(73,'2017-01-25 17:21:35','1273@qq.com','1234567873',NULL,'1234573',0,'2017-01-25 17:21:35','guest73'),(74,'2017-01-25 17:21:35','1274@qq.com','1234567874',NULL,'1234574',1,'2017-01-25 17:21:35','user74'),(75,'2017-01-25 17:21:36','1275@qq.com','1234567875',NULL,'123456',0,'2017-02-03 15:45:10','guest75'),(76,'2017-01-25 17:21:36','1276@qq.com','1234567876',NULL,'1234576',1,'2017-01-25 17:21:36','user76'),(77,'2017-01-25 17:21:36','1277@qq.com','1234567877',NULL,'1234577',0,'2017-01-25 17:21:36','guest77'),(82,'2017-02-11 20:11:18','1@qq.com','13801234123',NULL,'123456',1,'2017-02-11 20:11:18','1234');

/*Table structure for table `t_user_role` */

DROP TABLE IF EXISTS `t_user_role`;

CREATE TABLE `t_user_role` (
  `user_id` bigint(20) NOT NULL,
  `role_id` bigint(20) NOT NULL,
  KEY `FKa9c8iiy6ut0gnx491fqx4pxam` (`role_id`),
  KEY `FKq5un6x7ecoef5w1n39cop66kl` (`user_id`),
  CONSTRAINT `FKa9c8iiy6ut0gnx491fqx4pxam` FOREIGN KEY (`role_id`) REFERENCES `t_role` (`id`),
  CONSTRAINT `FKq5un6x7ecoef5w1n39cop66kl` FOREIGN KEY (`user_id`) REFERENCES `t_user` (`id`)
) ENGINE=InnoDB DEFAULT CHARSET=utf8;

/*Data for the table `t_user_role` */

insert  into `t_user_role`(`user_id`,`role_id`) values (1,1),(3,6),(2,7);

/*!40101 SET SQL_MODE=@OLD_SQL_MODE */;
/*!40014 SET FOREIGN_KEY_CHECKS=@OLD_FOREIGN_KEY_CHECKS */;
/*!40014 SET UNIQUE_CHECKS=@OLD_UNIQUE_CHECKS */;
/*!40111 SET SQL_NOTES=@OLD_SQL_NOTES */;
